time,nino34
Jan 1856,0.988
Feb 1856,1.03405
Mar 1856,0.8452501
Apr 1856,0.7543001
May 1856,0.75055
Jun 1856,0.6309
Jul 1856,0.5236
Aug 1856,0.3626
Sep 1856,0.18585
Oct 1856,-0.10285
Nov 1856,-0.5723
Dec 1856,-0.79675
Jan 1857,-0.7812501
Feb 1857,-0.7547501
Mar 1857,-0.73685
Apr 1857,-0.64355
May 1857,-0.6284
Jun 1857,-0.5071
Jul 1857,-0.5152
Aug 1857,-0.47985
Sep 1857,-0.4426
Oct 1857,-0.6146001
Nov 1857,-0.5392
Dec 1857,-0.33475
Jan 1858,-0.1264
Feb 1858,0.00685
Mar 1858,-0.02495
Apr 1858,-0.16335
May 1858,-0.1826
Jun 1858,0.03075001
Jul 1858,-0.04805
Aug 1858,-0.0304
Sep 1858,-0.0576
Oct 1858,-0.1805
Nov 1858,-0.38665
Dec 1858,-0.6074
Jan 1859,-0.65175
Feb 1859,-0.5196
Mar 1859,-0.3124
Apr 1859,-0.33355
May 1859,-0.23435
Jun 1859,-0.26655
Jul 1859,-0.006300002
Aug 1859,0.09880001
Sep 1859,0.04830001
Oct 1859,-0.0158
Nov 1859,-0.16615
Dec 1859,-0.16815
Jan 1860,-0.49345
Feb 1860,-0.66715
Mar 1860,-0.68445
Apr 1860,-0.66825
May 1860,-0.50005
Jun 1860,-0.2562
Jul 1860,-0.37685
Aug 1860,-0.5266
Sep 1860,-0.52985
Oct 1860,-0.41995
Nov 1860,-0.7266501
Dec 1860,-0.6620501
Jan 1861,-0.28065
Feb 1861,-0.11715
Mar 1861,-0.5406
Apr 1861,-0.56585
May 1861,-0.65895
Jun 1861,-0.53125
Jul 1861,-0.3471
Aug 1861,-0.39125
Sep 1861,-0.60005
Oct 1861,-0.61895
Nov 1861,-0.5606
Dec 1861,-0.62435
Jan 1862,-0.652
Feb 1862,-0.55745
Mar 1862,-0.46545
Apr 1862,-0.25685
May 1862,-0.08015001
Jun 1862,-0.23695
Jul 1862,-0.2079
Aug 1862,-0.1137
Sep 1862,-0.4209
Oct 1862,-0.7739
Nov 1862,-1.20975
Dec 1862,-1.1154
Jan 1863,-0.8605
Feb 1863,-0.7754501
Mar 1863,-0.82745
Apr 1863,-0.7231
May 1863,-0.73625
Jun 1863,-0.73695
Jul 1863,-0.59135
Aug 1863,-0.37515
Sep 1863,-0.42635
Oct 1863,-0.43055
Nov 1863,-0.33315
Dec 1863,-0.26725
Jan 1864,-0.3668
Feb 1864,-0.2217
Mar 1864,-0.26205
Apr 1864,-0.2293
May 1864,-0.14585
Jun 1864,-0.008350001
Jul 1864,0.3662
Aug 1864,0.7704
Sep 1864,0.8478001
Oct 1864,0.9033
Nov 1864,0.7842
Dec 1864,0.6757
Jan 1865,0.7223501
Feb 1865,0.6931
Mar 1865,0.6162
Apr 1865,0.49675
May 1865,0.42585
Jun 1865,0.43495
Jul 1865,0.58065
Aug 1865,0.53105
Sep 1865,0.6026
Oct 1865,0.7897
Nov 1865,0.8588001
Dec 1865,0.9565001
Jan 1866,1.0683
Feb 1866,1.09415
Mar 1866,1.1535
Apr 1866,1.01345
May 1866,1.0791
Jun 1866,1.08
Jul 1866,1.0495
Aug 1866,0.8574501
Sep 1866,0.5723
Oct 1866,0.3434
Nov 1866,0.23725
Dec 1866,-0.006749999
Jan 1867,0.13185
Feb 1867,0.17235
Mar 1867,0.35255
Apr 1867,0.41085
May 1867,0.69815
Jun 1867,0.91335
Jul 1867,0.9848
Aug 1867,0.9242001
Sep 1867,0.84545
Oct 1867,0.48735
Nov 1867,0.3982
Dec 1867,0.4367
Jan 1868,0.40035
Feb 1868,0.29675
Mar 1868,0.18345
Apr 1868,0.11525
May 1868,0.28875
Jun 1868,0.29215
Jul 1868,0.3104
Aug 1868,0.3783
Sep 1868,0.4415
Oct 1868,0.77745
Nov 1868,1.0747
Dec 1868,1.08795
Jan 1869,0.9585
Feb 1869,0.75405
Mar 1869,0.4182
Apr 1869,0.1942
May 1869,0.0646
Jun 1869,0.05940001
Jul 1869,-0.0794
Aug 1869,-0.42135
Sep 1869,-0.9660001
Oct 1869,-0.8021
Nov 1869,-0.7690001
Dec 1869,-0.7311
Jan 1870,-0.93385
Feb 1870,-0.8032001
Mar 1870,-0.49065
Apr 1870,-0.2942
May 1870,-0.4249
Jun 1870,-0.7146
Jul 1870,-0.76105
Aug 1870,-0.60995
Sep 1870,-0.56
Oct 1870,-0.7403001
Nov 1870,-0.9953501
Dec 1870,-0.69865
Jan 1871,-0.5908
Feb 1871,-0.6687
Mar 1871,-0.6318001
Apr 1871,-0.3752
May 1871,-0.32245
Jun 1871,-0.50215
Jul 1871,-0.1535
Aug 1871,-0.1824
Sep 1871,-0.1887
Oct 1871,-0.03105
Nov 1871,-0.06165
Dec 1871,-0.27265
Jan 1872,-0.55
Feb 1872,-0.5927
Mar 1872,-0.5840001
Apr 1872,-0.61535
May 1872,-0.52945
Jun 1872,-0.44785
Jul 1872,-0.61165
Aug 1872,-0.8505
Sep 1872,-1.2725
Oct 1872,-1.28035
Nov 1872,-1.19345
Dec 1872,-1.1813
Jan 1873,-1.0551
Feb 1873,-1.0992
Mar 1873,-1.0697
Apr 1873,-0.8365501
May 1873,-0.4937
Jun 1873,-0.27255
Jul 1873,-0.16515
Aug 1873,-0.3629
Sep 1873,-0.32125
Oct 1873,-0.6113501
Nov 1873,-1.04735
Dec 1873,-1.039
Jan 1874,-0.9397001
Feb 1874,-1.0759
Mar 1874,-0.9738001
Apr 1874,-0.8934001
May 1874,-0.8283001
Jun 1874,-0.80955
Jul 1874,-0.8377
Aug 1874,-0.9027001
Sep 1874,-1.00325
Oct 1874,-1.147
Nov 1874,-1.28245
Dec 1874,-0.8766
Jan 1875,-0.64505
Feb 1875,-0.72345
Mar 1875,-0.48125
Apr 1875,-0.5974
May 1875,-0.6573501
Jun 1875,-0.50025
Jul 1875,-0.332
Aug 1875,-0.7553
Sep 1875,-0.65635
Oct 1875,-0.8063
Nov 1875,-0.63155
Dec 1875,-0.3864
Jan 1876,-0.69415
Feb 1876,-0.689
Mar 1876,-0.7449
Apr 1876,-0.7259001
May 1876,-0.26465
Jun 1876,-0.25215
Jul 1876,-0.13395
Aug 1876,-0.18755
Sep 1876,-0.22795
Oct 1876,0.13385
Nov 1876,0.3196
Dec 1876,0.3824
Jan 1877,0.5834
Feb 1877,0.67045
Mar 1877,0.8696501
Apr 1877,1.1759
May 1877,1.209
Jun 1877,1.61365
Jul 1877,1.8235
Aug 1877,1.96105
Sep 1877,2.07205
Oct 1877,1.91945
Nov 1877,2.0548
Dec 1877,2.13765
Jan 1878,2.24055
Feb 1878,2.2053
Mar 1878,1.7771
Apr 1878,1.4081
May 1878,1.33415
Jun 1878,1.2964
Jul 1878,0.9935001
Aug 1878,0.34005
Sep 1878,0.01715
Oct 1878,-0.294
Nov 1878,-0.24665
Dec 1878,-0.23565
Jan 1879,-0.0293
Feb 1879,0.21875
Mar 1879,0.0249
Apr 1879,0.02505
May 1879,-0.17225
Jun 1879,-0.229
Jul 1879,-0.27365
Aug 1879,-0.7322
Sep 1879,-0.84865
Oct 1879,-0.9644001
Nov 1879,-0.9788501
Dec 1879,-1.1439
Jan 1880,-1.2529
Feb 1880,-0.44415
Mar 1880,-0.08285
Apr 1880,-0.0697
May 1880,-0.11235
Jun 1880,-0.3043
Jul 1880,-0.2599
Aug 1880,-0.12505
Sep 1880,0.08445001
Oct 1880,0.2729
Nov 1880,0.30705
Dec 1880,0.5897
Jan 1881,0.72465
Feb 1881,0.5583
Mar 1881,0.5918
Apr 1881,0.57555
May 1881,0.5953
Jun 1881,0.44095
Jul 1881,0.2977
Aug 1881,0.2772
Sep 1881,0.13355
Oct 1881,-0.0314
Nov 1881,-0.3314
Dec 1881,-0.53615
Jan 1882,-0.51535
Feb 1882,-0.40015
Mar 1882,-0.2001
Apr 1882,0.01965
May 1882,0.13485
Jun 1882,-0.2962
Jul 1882,-0.3721
Aug 1882,-0.3277
Sep 1882,-0.27765
Oct 1882,-0.6508
Nov 1882,-0.7594
Dec 1882,-0.56015
Jan 1883,-0.3894
Feb 1883,-0.12825
Mar 1883,0.06935
Apr 1883,0.2237
May 1883,0.12975
Jun 1883,0.2478
Jul 1883,0.3126
Aug 1883,0.4607
Sep 1883,0.125
Oct 1883,-0.114
Nov 1883,0.002750004
Dec 1883,-0.07205001
Jan 1884,0.05225
Feb 1884,-0.004249995
Mar 1884,-0.0419
Apr 1884,0.20055
May 1884,0.43525
Jun 1884,0.0268
Jul 1884,0.2318
Aug 1884,0.36525
Sep 1884,0.4571
Oct 1884,0.61945
Nov 1884,0.7038
Dec 1884,0.64545
Jan 1885,0.69855
Feb 1885,0.5555
Mar 1885,0.74955
Apr 1885,0.8055
May 1885,0.68145
Jun 1885,0.737
Jul 1885,0.6937
Aug 1885,0.89825
Sep 1885,1.06625
Oct 1885,1.18255
Nov 1885,1.2357
Dec 1885,1.027
Jan 1886,0.55155
Feb 1886,0.05815
Mar 1886,0.1308
Apr 1886,0.16475
May 1886,-0.2595
Jun 1886,-0.8571001
Jul 1886,-0.8296
Aug 1886,-0.9087
Sep 1886,-0.69235
Oct 1886,-1.05645
Nov 1886,-1.15685
Dec 1886,-1.3877
Jan 1887,-1.0679
Feb 1887,-0.9255
Mar 1887,-0.7784
Apr 1887,-0.8132501
May 1887,-0.45515
Jun 1887,-0.34755
Jul 1887,-0.06680001
Aug 1887,-0.2509
Sep 1887,-0.0707
Oct 1887,-0.06880001
Nov 1887,0.008650002
Dec 1887,0.20955
Jan 1888,0.5803
Feb 1888,0.8674501
Mar 1888,0.9299001
Apr 1888,0.6898
May 1888,0.6584501
Jun 1888,0.8664501
Jul 1888,0.99195
Aug 1888,0.9738501
Sep 1888,1.3187
Oct 1888,1.66175
Nov 1888,1.9264
Dec 1888,1.91065
Jan 1889,1.99245
Feb 1889,1.64705
Mar 1889,1.4006
Apr 1889,1.0497
May 1889,0.8768001
Jun 1889,0.35555
Jul 1889,-0.2373
Aug 1889,-0.7979
Sep 1889,-0.84095
Oct 1889,-1.19135
Nov 1889,-1.3685
Dec 1889,-1.3601
Jan 1890,-1.69775
Feb 1890,-1.104
Mar 1890,-0.92055
Apr 1890,-0.70015
May 1890,-0.72185
Jun 1890,-0.73395
Jul 1890,-0.69915
Aug 1890,-0.8256
Sep 1890,-0.9275001
Oct 1890,-1.13105
Nov 1890,-0.8959
Dec 1890,-0.2713
Jan 1891,0.05955
Feb 1891,0.14735
Mar 1891,0.07935001
Apr 1891,0.3652
May 1891,0.5678
Jun 1891,0.57195
Jul 1891,0.4345
Aug 1891,0.3417
Sep 1891,0.1869
Oct 1891,0.20865
Nov 1891,0.15985
Dec 1891,0.05425001
Jan 1892,0.1323
Feb 1892,0.0256
Mar 1892,-0.2181
Apr 1892,-0.37125
May 1892,-0.36975
Jun 1892,-0.3835
Jul 1892,-0.6459
Aug 1892,-0.9923
Sep 1892,-1.28875
Oct 1892,-1.75875
Nov 1892,-1.70925
Dec 1892,-1.4231
Jan 1893,-1.37835
Feb 1893,-1.48285
Mar 1893,-1.17395
Apr 1893,-1.0853
May 1893,-1.09425
Jun 1893,-1.06835
Jul 1893,-0.9372001
Aug 1893,-1.0944
Sep 1893,-1.2182
Oct 1893,-1.3888
Nov 1893,-1.31505
Dec 1893,-1.1659
Jan 1894,-1.22075
Feb 1894,-1.1333
Mar 1894,-1.1586
Apr 1894,-1.04945
May 1894,-0.95745
Jun 1894,-0.66455
Jul 1894,-0.34075
Aug 1894,-0.6411501
Sep 1894,-0.5419
Oct 1894,-0.36725
Nov 1894,-0.084
Dec 1894,-0.13645
Jan 1895,-0.1867
Feb 1895,-0.252
Mar 1895,-0.09510001
Apr 1895,-0.0023
May 1895,-0.0521
Jun 1895,-0.16865
Jul 1895,-0.17095
Aug 1895,0.02785
Sep 1895,0.2648
Oct 1895,0.22695
Nov 1895,0.49175
Dec 1895,0.36695
Jan 1896,0.2521
Feb 1896,0.3492
Mar 1896,0.2361
Apr 1896,0.32325
May 1896,0.1635
Jun 1896,0.34595
Jul 1896,0.6984
Aug 1896,1.1432
Sep 1896,1.0869
Oct 1896,1.28315
Nov 1896,1.5986
Dec 1896,1.90615
Jan 1897,1.74815
Feb 1897,1.282
Mar 1897,0.7974001
Apr 1897,0.21775
May 1897,0.04565
Jun 1897,0.1489
Jul 1897,0.1303
Aug 1897,-0.1469
Sep 1897,-0.1457
Oct 1897,-0.51235
Nov 1897,-0.72105
Dec 1897,-0.4435
Jan 1898,-0.39455
Feb 1898,-0.4989
Mar 1898,-0.51415
Apr 1898,-0.241
May 1898,-0.26135
Jun 1898,-0.15485
Jul 1898,-0.32195
Aug 1898,-0.3813
Sep 1898,-0.37615
Oct 1898,-0.46785
Nov 1898,-0.6511
Dec 1898,-0.85105
Jan 1899,-0.71885
Feb 1899,-0.5064501
Mar 1899,-0.30985
Apr 1899,-0.004700005
May 1899,0.317
Jun 1899,0.26625
Jul 1899,0.5626
Aug 1899,0.8801
Sep 1899,0.94605
Oct 1899,1.24985
Nov 1899,1.4857
Dec 1899,1.5649
Jan 1900,1.4104
Feb 1900,1.30035
Mar 1900,0.9627001
Apr 1900,0.9701501
May 1900,0.93415
Jun 1900,0.7857
Jul 1900,0.67515
Aug 1900,0.6164
Sep 1900,0.62485
Oct 1900,0.56435
Nov 1900,0.4006
Dec 1900,0.6966
Jan 1901,0.6677001
Feb 1901,0.32725
Mar 1901,0.0377
Apr 1901,0.11705
May 1901,-0.0759
Jun 1901,-0.0993
Jul 1901,-0.18835
Aug 1901,-0.1481
Sep 1901,-0.09545
Oct 1901,-0.17355
Nov 1901,-0.283
Dec 1901,-0.31075
Jan 1902,-0.0218
Feb 1902,0.2657
Mar 1902,0.45955
Apr 1902,0.6136
May 1902,0.869
Jun 1902,1.0323
Jul 1902,1.6795
Aug 1902,1.71955
Sep 1902,1.76215
Oct 1902,1.8068
Nov 1902,1.96155
Dec 1902,1.91865
Jan 1903,1.6468
Feb 1903,1.39755
Mar 1903,1.10785
Apr 1903,0.7976
May 1903,0.41565
Jun 1903,0.2103
Jul 1903,-0.06215
Aug 1903,-0.1832
Sep 1903,-0.38405
Oct 1903,-0.4035
Nov 1903,-0.71105
Dec 1903,-0.9774501
Jan 1904,-0.82775
Feb 1904,-0.72345
Mar 1904,-0.42345
Apr 1904,-0.0992
May 1904,0.16185
Jun 1904,0.34215
Jul 1904,0.43505
Aug 1904,0.51805
Sep 1904,0.4248
Oct 1904,0.69735
Nov 1904,0.826
Dec 1904,1.11615
Jan 1905,1.3103
Feb 1905,1.28445
Mar 1905,1.371
Apr 1905,1.255
May 1905,1.4175
Jun 1905,1.38955
Jul 1905,1.4392
Aug 1905,1.49855
Sep 1905,1.759
Oct 1905,1.60045
Nov 1905,1.56445
Dec 1905,1.6055
Jan 1906,1.3466
Feb 1906,0.9303001
Mar 1906,0.7733501
Apr 1906,0.7423
May 1906,0.33355
Jun 1906,0.4749
Jul 1906,0.32195
Aug 1906,-0.1502
Sep 1906,-0.20525
Oct 1906,-0.50805
Nov 1906,-0.5433
Dec 1906,-0.37175
Jan 1907,-0.4165
Feb 1907,-0.3864
Mar 1907,-0.25575
Apr 1907,0.0871
May 1907,0.4343
Jun 1907,0.66075
Jul 1907,0.66135
Aug 1907,0.4514
Sep 1907,0.3434
Oct 1907,0.075
Nov 1907,-0.28765
Dec 1907,0.06665
Jan 1908,0.0303
Feb 1908,0.1364
Mar 1908,-0.53405
Apr 1908,-0.5096
May 1908,-0.33085
Jun 1908,-0.35725
Jul 1908,-0.60985
Aug 1908,-0.26805
Sep 1908,-0.4232
Oct 1908,-0.606
Nov 1908,-0.87525
Dec 1908,-0.9339501
Jan 1909,-0.7466
Feb 1909,-0.6379001
Mar 1909,-0.68125
Apr 1909,-0.3229
May 1909,-0.19345
Jun 1909,-0.2891
Jul 1909,-0.18685
Aug 1909,-0.0482
Sep 1909,-0.4939
Oct 1909,-0.98805
Nov 1909,-1.26865
Dec 1909,-1.10135
Jan 1910,-1.0303
Feb 1910,-1.2945
Mar 1910,-1.14865
Apr 1910,-1.2847
May 1910,-1.1644
Jun 1910,-0.8972
Jul 1910,-0.7908
Aug 1910,-0.99125
Sep 1910,-0.81055
Oct 1910,-0.7662
Nov 1910,-0.8836001
Dec 1910,-0.7595
Jan 1911,-0.6139
Feb 1911,-0.7833
Mar 1911,-0.686
Apr 1911,-0.5830001
May 1911,-0.3137
Jun 1911,-0.1428
Jul 1911,0.02685
Aug 1911,0.15575
Sep 1911,0.44245
Oct 1911,0.6938
Nov 1911,0.99975
Dec 1911,1.0597
Jan 1912,1.1683
Feb 1912,1.12405
Mar 1912,0.8108001
Apr 1912,0.8454
May 1912,0.6779
Jun 1912,0.42585
Jul 1912,0.07775
Aug 1912,-0.07545
Sep 1912,-0.09865
Oct 1912,0.0456
Nov 1912,0.1605
Dec 1912,0.0271
Jan 1913,0.1001
Feb 1913,0.2188
Mar 1913,-0.07025
Apr 1913,-0.07695001
May 1913,0.08945
Jun 1913,0.1878
Jul 1913,0.2701
Aug 1913,0.38
Sep 1913,0.37495
Oct 1913,0.52805
Nov 1913,0.8728501
Dec 1913,1.0205
Jan 1914,1.0749
Feb 1914,0.924
Mar 1914,0.7901
Apr 1914,1.18075
May 1914,1.1116
Jun 1914,0.9418001
Jul 1914,0.96255
Aug 1914,1.17245
Sep 1914,1.1502
Oct 1914,1.20385
Nov 1914,1.22495
Dec 1914,1.3157
Jan 1915,1.3979
Feb 1915,1.38145
Mar 1915,1.3481
Apr 1915,1.126
May 1915,1.25515
Jun 1915,1.23335
Jul 1915,1.2178
Aug 1915,0.7834001
Sep 1915,0.42715
Oct 1915,0.29645
Nov 1915,0.164
Dec 1915,-0.16195
Jan 1916,-0.3302
Feb 1916,-0.3914
Mar 1916,-0.49535
Apr 1916,-0.4595
May 1916,-0.4789
Jun 1916,-0.4884
Jul 1916,-0.60905
Aug 1916,-0.86615
Sep 1916,-1.0276
Oct 1916,-1.07835
Nov 1916,-1.20215
Dec 1916,-1.3849
Jan 1917,-1.4663
Feb 1917,-1.1345
Mar 1917,-1.15295
Apr 1917,-0.6483501
May 1917,-0.2516
Jun 1917,0.06465001
Jul 1917,0.07335
Aug 1917,-0.2753
Sep 1917,-0.4991
Oct 1917,-0.8322501
Nov 1917,-0.95525
Dec 1917,-1.0838
Jan 1918,-1.0515
Feb 1918,-0.80835
Mar 1918,-0.41805
Apr 1918,-0.0939
May 1918,0.1834
Jun 1918,0.4171
Jul 1918,0.6511
Aug 1918,0.67835
Sep 1918,0.99455
Oct 1918,1.33855
Nov 1918,1.39835
Dec 1918,1.4356
Jan 1919,1.47875
Feb 1919,1.41545
Mar 1919,1.28255
Apr 1919,1.06185
May 1919,0.7202001
Jun 1919,0.6219
Jul 1919,0.5916
Aug 1919,0.523
Sep 1919,0.6292
Oct 1919,0.41955
Nov 1919,0.56835
Dec 1919,0.8628001
Jan 1920,0.86765
Feb 1920,0.9113001
Mar 1920,0.8193001
Apr 1920,0.9400001
May 1920,0.8939
Jun 1920,1.0265
Jul 1920,0.8656
Aug 1920,0.58895
Sep 1920,0.32295
Oct 1920,0.10995
Nov 1920,-0.1789
Dec 1920,-0.5057501
Jan 1921,-0.38625
Feb 1921,-0.98265
Mar 1921,-1.87435
Apr 1921,-0.7146
May 1921,-0.37465
Jun 1921,-0.21175
Jul 1921,-0.07645001
Aug 1921,0.13915
Sep 1921,0.08940001
Oct 1921,0.023
Nov 1921,-0.25785
Dec 1921,-0.09280001
Jan 1922,-0.1711
Feb 1922,0.28125
Mar 1922,0.3038
Apr 1922,0.007849999
May 1922,0.2514
Jun 1922,0.07915001
Jul 1922,-0.2464
Aug 1922,-0.7337
Sep 1922,-0.2966
Oct 1922,-0.37225
Nov 1922,-0.16845
Dec 1922,-0.3144
Jan 1923,-0.5571001
Feb 1923,-0.47155
Mar 1923,-0.04965
Apr 1923,0.2111
May 1923,0.3789
Jun 1923,0.3802
Jul 1923,0.3042
Aug 1923,0.9299001
Sep 1923,0.80105
Oct 1923,0.6858
Nov 1923,0.81265
Dec 1923,0.8904001
Jan 1924,0.79565
Feb 1924,0.887
Mar 1924,0.60585
Apr 1924,0.2549
May 1924,-0.29145
Jun 1924,-0.1977
Jul 1924,-0.2317
Aug 1924,-0.3698
Sep 1924,-0.5393
Oct 1924,-0.78865
Nov 1924,-1.2288
Dec 1924,-0.8345001
Jan 1925,-1.26815
Feb 1925,-0.8915501
Mar 1925,-0.55935
Apr 1925,-0.1725
May 1925,-0.28655
Jun 1925,-0.1273
Jul 1925,0.3088
Aug 1925,0.73175
Sep 1925,0.6347
Oct 1925,0.69425
Nov 1925,1.2647
Dec 1925,1.6101
Jan 1926,1.4197
Feb 1926,1.1179
Mar 1926,1.1133
Apr 1926,0.8625001
May 1926,0.5381
Jun 1926,0.4785
Jul 1926,0.71195
Aug 1926,0.53375
Sep 1926,0.08175001
Oct 1926,-0.1178
Nov 1926,-0.01475
Dec 1926,-0.21995
Jan 1927,-0.35025
Feb 1927,0.10005
Mar 1927,-0.23815
Apr 1927,-0.24285
May 1927,-0.22065
Jun 1927,0.06175
Jul 1927,-0.10535
Aug 1927,0.12265
Sep 1927,0.1983
Oct 1927,0.36015
Nov 1927,0.2506
Dec 1927,0.186
Jan 1928,0.16055
Feb 1928,0.08665001
Mar 1928,-0.3039
Apr 1928,0.1501
May 1928,0.37355
Jun 1928,0.23425
Jul 1928,0.38925
Aug 1928,0.2492
Sep 1928,0.2604
Oct 1928,-0.0219
Nov 1928,-0.09865
Dec 1928,-0.12275
Jan 1929,-0.1583
Feb 1929,0.05105
Mar 1929,-0.07030001
Apr 1929,0.14535
May 1929,0.0424
Jun 1929,0.28625
Jul 1929,0.39425
Aug 1929,0.4719
Sep 1929,0.5336
Oct 1929,0.53725
Nov 1929,0.7653
Dec 1929,0.85105
Jan 1930,0.54705
Feb 1930,0.41355
Mar 1930,0.4719
Apr 1930,0.6648
May 1930,0.3306
Jun 1930,0.48755
Jul 1930,0.99845
Aug 1930,0.9358
Sep 1930,1.25255
Oct 1930,1.31315
Nov 1930,1.91175
Dec 1930,1.62095
Jan 1931,1.58335
Feb 1931,1.4029
Mar 1931,1.16745
Apr 1931,1.14735
May 1931,0.9133
Jun 1931,0.721
Jul 1931,0.4398
Aug 1931,0.1855
Sep 1931,-0.39515
Oct 1931,-0.7090001
Nov 1931,-0.3378
Dec 1931,-0.44375
Jan 1932,-0.6196
Feb 1932,-0.36195
Mar 1932,0.2813
Apr 1932,0.2216
May 1932,0.2621
Jun 1932,0.20605
Jul 1932,0.0215
Aug 1932,0.04295
Sep 1932,0.0497
Oct 1932,-0.0221
Nov 1932,0.01685
Dec 1932,-0.2599
Jan 1933,-0.5023
Feb 1933,-0.2979
Mar 1933,-0.32395
Apr 1933,-0.2961
May 1933,-0.52275
Jun 1933,-0.7637001
Jul 1933,-0.56115
Aug 1933,-0.9909
Sep 1933,-0.89205
Oct 1933,-1.1949
Nov 1933,-1.21335
Dec 1933,-1.295
Jan 1934,-0.90075
Feb 1934,-1.04755
Mar 1934,-0.8829
Apr 1934,-0.34835
May 1934,-0.04829999
Jun 1934,-0.06895
Jul 1934,-0.2056
Aug 1934,-0.0208
Sep 1934,-0.28365
Oct 1934,-0.4154
Nov 1934,-0.02035
Dec 1934,0.19445
Jan 1935,-0.24885
Feb 1935,-0.0446
Mar 1935,-0.50355
Apr 1935,-0.60245
May 1935,-0.57085
Jun 1935,-0.14505
Jul 1935,-0.36245
Aug 1935,0.2623
Sep 1935,0.16335
Oct 1935,0.3718
Nov 1935,0.01595
Dec 1935,-0.2057
Jan 1936,0.44895
Feb 1936,0.2976
Mar 1936,0.05755
Apr 1936,0.22705
May 1936,0.2309
Jun 1936,-0.1508
Jul 1936,0.005399996
Aug 1936,-0.007400002
Sep 1936,0.138
Oct 1936,0.3867
Nov 1936,0.22555
Dec 1936,0.23715
Jan 1937,-0.34225
Feb 1937,0.06405
Mar 1937,0.15755
Apr 1937,0.12455
May 1937,-0.20215
Jun 1937,-0.22715
Jul 1937,0.007650003
Aug 1937,-0.25725
Sep 1937,0.11645
Oct 1937,-0.198
Nov 1937,-0.001700001
Dec 1937,-0.2487
Jan 1938,-0.46195
Feb 1938,-0.4435
Mar 1938,-0.36655
Apr 1938,-0.3658
May 1938,-0.48045
Jun 1938,-0.6677501
Jul 1938,-1.2273
Aug 1938,-0.799
Sep 1938,-0.6063001
Oct 1938,-0.7804
Nov 1938,-0.9938501
Dec 1938,-0.8538001
Jan 1939,-1.0216
Feb 1939,-1.07575
Mar 1939,-0.80415
Apr 1939,-0.1022
May 1939,-0.01915
Jun 1939,0.24225
Jul 1939,0.16175
Aug 1939,0.189
Sep 1939,0.12575
Oct 1939,-0.2291
Nov 1939,0.1685
Dec 1939,0.6918501
Jan 1940,1.2571
Feb 1940,1.401
Mar 1940,1.73285
Apr 1940,1.561
May 1940,1.4435
Jun 1940,1.11815
Jul 1940,0.9075
Aug 1940,0.7325
Sep 1940,0.60535
Oct 1940,0.8041
Nov 1940,1.33415
Dec 1940,1.69935
Jan 1941,1.88045
Feb 1941,1.95895
Mar 1941,1.94975
Apr 1941,1.79295
May 1941,1.8496
Jun 1941,1.928
Jul 1941,1.3524
Aug 1941,0.9196
Sep 1941,0.8419501
Oct 1941,0.9835
Nov 1941,1.76835
Dec 1941,1.70095
Jan 1942,0.87965
Feb 1942,0.58715
Mar 1942,0.52835
Apr 1942,0.823
May 1942,0.24995
Jun 1942,-0.22185
Jul 1942,-0.53165
Aug 1942,-1.03275
Sep 1942,-1.4623
Oct 1942,-1.681
Nov 1942,-1.5934
Dec 1942,-1.36435
Jan 1943,-1.63145
Feb 1943,-1.58935
Mar 1943,-1.12185
Apr 1943,-0.6737
May 1943,-0.06885
Jun 1943,0.0116
Jul 1943,0.18055
Aug 1943,0.0802
Sep 1943,-0.3037
Oct 1943,-0.7841001
Nov 1943,-0.5982
Dec 1943,-0.6165
Jan 1944,-0.6149001
Feb 1944,-0.12815
Mar 1944,-0.15135
Apr 1944,-0.0957
May 1944,0.12805
Jun 1944,0.25295
Jul 1944,0.2396
Aug 1944,-0.0749
Sep 1944,-0.7405
Oct 1944,-0.6442
Nov 1944,-0.67155
Dec 1944,-0.53095
Jan 1945,-0.7930501
Feb 1945,-0.83355
Mar 1945,-0.79905
Apr 1945,-0.57865
May 1945,-0.3542
Jun 1945,-0.06680001
Jul 1945,-0.52445
Aug 1945,-0.5688
Sep 1945,-0.5966001
Oct 1945,-0.47595
Nov 1945,-0.2478
Dec 1945,-0.06535
Jan 1946,-0.14275
Feb 1946,-0.26155
Mar 1946,-0.30835
Apr 1946,-0.47905
May 1946,-0.1661
Jun 1946,0.1091
Jul 1946,0.23815
Aug 1946,-0.57925
Sep 1946,-0.3509
Oct 1946,-0.02835
Nov 1946,0.13405
Dec 1946,-0.05765
Jan 1947,0.1178
Feb 1947,-0.0155
Mar 1947,0.19965
Apr 1947,0.1143
May 1947,0.03045
Jun 1947,0.40465
Jul 1947,0.46065
Aug 1947,0.16305
Sep 1947,-0.32115
Oct 1947,-0.5531
Nov 1947,-0.4177
Dec 1947,-0.12815
Jan 1948,-0.06465
Feb 1948,0.2635
Mar 1948,0.4241
Apr 1948,0.31415
May 1948,0.43865
Jun 1948,0.2873
Jul 1948,0.1657
Aug 1948,-0.06875
Sep 1948,-0.3704
Oct 1948,-0.7475
Nov 1948,-0.45725
Dec 1948,0.0471
Jan 1949,-0.3435
Feb 1949,-0.08495001
Mar 1949,-0.6368001
Apr 1949,0.037
May 1949,0.28065
Jun 1949,-0.4103
Jul 1949,-0.30355
Aug 1949,-0.2406
Sep 1949,-0.33935
Oct 1949,-0.78465
Nov 1949,-1.23645
Dec 1949,-1.2349
Jan 1950,-1.04315
Feb 1950,-1.49235
Mar 1950,-1.06325
Apr 1950,-0.85005
May 1950,-1.1993
Jun 1950,-0.5658
Jul 1950,-0.45175
Aug 1950,-0.42945
Sep 1950,-0.8753501
Oct 1950,-0.6503
Nov 1950,-0.8634
Dec 1950,-0.68685
Jan 1951,-0.7444
Feb 1951,-0.5627
Mar 1951,-0.2467
Apr 1951,0.003999999
May 1951,0.1041
Jun 1951,0.3674
Jul 1951,0.5095
Aug 1951,0.49215
Sep 1951,0.68585
Oct 1951,0.5304
Nov 1951,0.64235
Dec 1951,0.39855
Jan 1952,0.3769
Feb 1952,0.2787
Mar 1952,-0.01835
Apr 1952,0.50135
May 1952,0.24135
Jun 1952,-0.2761
Jul 1952,-0.13825
Aug 1952,-0.1233
Sep 1952,0.02615
Oct 1952,0.0829
Nov 1952,-0.2855
Dec 1952,-0.25745
Jan 1953,0.3195
Feb 1953,0.2302
Mar 1953,0.01965
Apr 1953,0.51495
May 1953,0.4859
Jun 1953,0.5527501
Jul 1953,0.42315
Aug 1953,0.3703
Sep 1953,0.7779
Oct 1953,0.4893
Nov 1953,0.3736
Dec 1953,0.3628
Jan 1954,0.5443
Feb 1954,0.37
Mar 1954,0.25395
Apr 1954,-0.15255
May 1954,-0.14325
Jun 1954,-0.245
Jul 1954,-0.53815
Aug 1954,-0.54195
Sep 1954,-0.71015
Oct 1954,-0.50505
Nov 1954,-0.49345
Dec 1954,-0.7486501
Jan 1955,-0.43655
Feb 1955,-0.441
Mar 1955,-0.3714
Apr 1955,-0.3326
May 1955,-0.6783
Jun 1955,-0.4841
Jul 1955,-0.43235
Aug 1955,-0.52525
Sep 1955,-0.6547
Oct 1955,-1.19595
Nov 1955,-1.66715
Dec 1955,-1.37845
Jan 1956,-0.90145
Feb 1956,-0.5378
Mar 1956,-0.6305
Apr 1956,-0.6204
May 1956,-0.43235
Jun 1956,-0.5942
Jul 1956,-0.52055
Aug 1956,-0.58535
Sep 1956,-0.5914
Oct 1956,-0.5613
Nov 1956,-0.8129001
Dec 1956,-0.4905
Jan 1957,-0.4839
Feb 1957,-0.0823
Mar 1957,0.36085
Apr 1957,0.5596001
May 1957,0.64475
Jun 1957,0.4269
Jul 1957,0.7661501
Aug 1957,1.0368
Sep 1957,0.655
Oct 1957,0.7748001
Nov 1957,1.18545
Dec 1957,1.1941
Jan 1958,1.6185
Feb 1958,1.41085
Mar 1958,1.07125
Apr 1958,0.629
May 1958,0.67045
Jun 1958,0.5511
Jul 1958,0.30575
Aug 1958,0.39445
Sep 1958,-1.9999966E-04
Oct 1958,0.22395
Nov 1958,0.22685
Dec 1958,0.5095
Jan 1959,0.5339
Feb 1959,0.39285
Mar 1959,0.1062
Apr 1959,0.4105
May 1959,0.31245
Jun 1959,-0.1109
Jul 1959,-0.3093
Aug 1959,-0.4415
Sep 1959,-0.52455
Oct 1959,0.01195
Nov 1959,-0.1384
Dec 1959,-0.08835001
Jan 1960,-0.13005
Feb 1960,-0.2698
Mar 1960,0.20095
Apr 1960,0.2312
May 1960,0.1728
Jun 1960,-0.0173
Jul 1960,-0.0605
Aug 1960,0.3125
Sep 1960,0.2446
Oct 1960,-0.2493
Nov 1960,-0.1438
Dec 1960,-0.1101
Jan 1961,-0.1652
Feb 1961,0.078
Mar 1961,0.007800001
Apr 1961,0.3146
May 1961,0.29935
Jun 1961,0.7715001
Jul 1961,0.25005
Aug 1961,-0.26505
Sep 1961,-0.45745
Oct 1961,-0.5244001
Nov 1961,-0.2586
Dec 1961,-0.1746
Jan 1962,-0.3731
Feb 1962,-0.27255
Mar 1962,-0.22945
Apr 1962,-0.20985
May 1962,-0.2465
Jun 1962,-0.01325
Jul 1962,0.11765
Aug 1962,0.0396
Sep 1962,-0.29385
Oct 1962,-0.37455
Nov 1962,-0.4298
Dec 1962,-0.5406
Jan 1963,-0.48905
Feb 1963,-0.284
Mar 1963,0.0177
Apr 1963,0.14285
May 1963,0.29495
Jun 1963,0.4677
Jul 1963,1.02455
Aug 1963,1.06555
Sep 1963,1.10605
Oct 1963,1.051
Nov 1963,1.0275
Dec 1963,1.22665
Jan 1964,0.8616
Feb 1964,0.42035
Mar 1964,-0.2875
Apr 1964,-0.32595
May 1964,-0.58735
Jun 1964,-0.7496501
Jul 1964,-0.7599
Aug 1964,-0.6046
Sep 1964,-0.8423001
Oct 1964,-0.8828
Nov 1964,-1.0747
Dec 1964,-1.0702
Jan 1965,-0.69975
Feb 1965,-0.3518
Mar 1965,-0.36355
Apr 1965,-0.07225
May 1965,0.5535001
Jun 1965,0.7427
Jul 1965,0.95465
Aug 1965,1.29095
Sep 1965,1.50635
Oct 1965,1.66515
Nov 1965,1.71115
Dec 1965,1.60365
Jan 1966,1.37355
Feb 1966,0.9731001
Mar 1966,0.9541501
Apr 1966,0.6687
May 1966,0.2808
Jun 1966,0.5074
Jul 1966,0.55065
Aug 1966,0.1253
Sep 1966,0.2059
Oct 1966,0.11185
Nov 1966,0.0386
Dec 1966,-0.1484
Jan 1967,-0.39785
Feb 1967,-0.3256
Mar 1967,-0.35375
Apr 1967,-0.5924
May 1967,-0.30115
Jun 1967,0.14225
Jul 1967,0.16965
Aug 1967,-0.2813
Sep 1967,-0.56175
Oct 1967,-0.4802
Nov 1967,-0.35995
Dec 1967,-0.51665
Jan 1968,-0.72895
Feb 1968,-0.8136
Mar 1968,-0.6816
Apr 1968,-0.45
May 1968,-0.2383
Jun 1968,0.38585
Jul 1968,0.6583
Aug 1968,0.42855
Sep 1968,0.12535
Oct 1968,0.28345
Nov 1968,0.737
Dec 1968,0.822
Jan 1969,1.3177
Feb 1969,1.05195
Mar 1969,0.54045
Apr 1969,0.345
May 1969,0.75835
Jun 1969,0.5441
Jul 1969,0.3565
Aug 1969,0.3519
Sep 1969,0.7323501
Oct 1969,0.854
Nov 1969,0.8383501
Dec 1969,0.9278501
Jan 1970,0.96785
Feb 1970,0.81085
Mar 1970,0.5767
Apr 1970,0.6122
May 1970,0.37405
Jun 1970,-0.2419
Jul 1970,-0.86875
Aug 1970,-1.0108
Sep 1970,-0.9974501
Oct 1970,-0.88425
Nov 1970,-1.1652
Dec 1970,-1.5775
Jan 1971,-1.5328
Feb 1971,-1.28835
Mar 1971,-1.2794
Apr 1971,-0.7870001
May 1971,-0.6149001
Jun 1971,-0.73175
Jul 1971,-0.4153
Aug 1971,-0.3475
Sep 1971,-0.7048001
Oct 1971,-0.8530501
Nov 1971,-0.8535001
Dec 1971,-0.98335
Jan 1972,-0.5112
Feb 1972,-0.2875
Mar 1972,-0.12525
Apr 1972,0.2363
May 1972,0.42235
Jun 1972,0.78545
Jul 1972,0.9217001
Aug 1972,1.34825
Sep 1972,1.3537
Oct 1972,1.89195
Nov 1972,2.22465
Dec 1972,2.06895
Jan 1973,1.5281
Feb 1973,1.377
Mar 1973,0.79285
Apr 1973,0.1082
May 1973,-0.84235
Jun 1973,-1.10255
Jul 1973,-0.91105
Aug 1973,-1.50265
Sep 1973,-1.28985
Oct 1973,-1.7073
Nov 1973,-2.3298
Dec 1973,-2.21065
Jan 1974,-1.93025
Feb 1974,-1.73535
Mar 1974,-1.2004
Apr 1974,-1.0039
May 1974,-0.6255
Jun 1974,-0.36915
Jul 1974,-0.8753501
Aug 1974,-0.3467
Sep 1974,-0.316
Oct 1974,-0.61125
Nov 1974,-0.92695
Dec 1974,-0.689
Jan 1975,-0.1732
Feb 1975,-0.46765
Mar 1975,-0.7535
Apr 1975,-0.52585
May 1975,-0.7262
Jun 1975,-1.0375
Jul 1975,-1.1098
Aug 1975,-1.02875
Sep 1975,-0.9444
Oct 1975,-1.3847
Nov 1975,-1.4701
Dec 1975,-1.6611
Jan 1976,-1.81635
Feb 1976,-1.2497
Mar 1976,-0.5599
Apr 1976,-0.2865
May 1976,-0.2991
Jun 1976,0.0366
Jul 1976,0.05665
Aug 1976,0.5192
Sep 1976,0.874
Oct 1976,0.8864501
Nov 1976,0.8229501
Dec 1976,0.73365
Jan 1977,0.92765
Feb 1977,0.42025
Mar 1977,0.2601
Apr 1977,-0.08595
May 1977,0.42845
Jun 1977,0.65285
Jul 1977,0.47185
Aug 1977,0.21415
Sep 1977,0.30815
Oct 1977,0.62025
Nov 1977,1.03655
Dec 1977,1.03035
Jan 1978,0.86775
Feb 1978,0.4535
Mar 1978,0.2628
Apr 1978,-0.31455
May 1978,-0.1478
Jun 1978,-0.36665
Jul 1978,-0.30965
Aug 1978,-0.4782
Sep 1978,-0.33935
Oct 1978,-0.68325
Nov 1978,-0.09065001
Dec 1978,-0.03979999
Jan 1979,0.12165
Feb 1979,0.16405
Mar 1979,0.26485
Apr 1979,0.4058
May 1979,0.27175
Jun 1979,0.24365
Jul 1979,-0.18765
Aug 1979,0.05455
Sep 1979,0.63445
Oct 1979,0.17405
Nov 1979,0.1989
Dec 1979,0.65745
Jan 1980,0.5271
Feb 1980,0.338
Mar 1980,0.22585
Apr 1980,0.3964
May 1980,0.21655
Jun 1980,0.53975
Jul 1980,0.10495
Aug 1980,0.0616
Sep 1980,0.0473
Oct 1980,-0.13555
Nov 1980,0.12255
Dec 1980,0.4343
Jan 1981,-0.41375
Feb 1981,-0.50495
Mar 1981,-0.13815
Apr 1981,-0.4805
May 1981,-0.1903
Jun 1981,-0.18885
Jul 1981,-0.6174001
Aug 1981,-0.5406
Sep 1981,-0.13
Oct 1981,-0.1441
Nov 1981,-0.369671
Dec 1981,-0.165107
Jan 1982,0.1685367
Feb 1982,-0.07257544
Mar 1982,-0.03044433
Apr 1982,0.4987381
May 1982,0.9607534
Jun 1982,1.387818
Jul 1982,0.9586264
Aug 1982,1.170821
Sep 1982,1.563705
Oct 1982,1.894048
Nov 1982,2.247312
Dec 1982,2.63024
Jan 1983,2.670714
Feb 1983,2.330823
Mar 1983,1.793289
Apr 1983,1.325161
May 1983,1.354676
Jun 1983,0.8654214
Jul 1983,0.2236512
Aug 1983,0.1493223
Sep 1983,0.06347736
Oct 1983,-0.4621893
Nov 1983,-0.5245209
Dec 1983,-0.4745096
Jan 1984,-0.6226804
Feb 1984,-0.3596817
Mar 1984,-0.2455107
Apr 1984,-0.1718429
May 1984,-0.273721
Jun 1984,-0.4549687
Jul 1984,-0.2130912
Aug 1984,-0.22255
Sep 1984,0.03704498
Oct 1984,-0.5166357
Nov 1984,-0.8474377
Dec 1984,-1.190794
Jan 1985,-0.9690908
Feb 1985,-0.957047
Mar 1985,-0.8761747
Apr 1985,-0.5833117
May 1985,-0.396598
Jun 1985,-0.4180299
Jul 1985,-0.2560842
Aug 1985,-0.07933043
Sep 1985,-0.09055109
Oct 1985,-0.2807256
Nov 1985,-0.1533939
Dec 1985,-0.2562934
Jan 1986,-0.6247901
Feb 1986,-0.555715
Mar 1986,-0.3260681
Apr 1986,-0.05299024
May 1986,0.003797319
Jun 1986,0.3061221
Jul 1986,0.3152726
Aug 1986,0.4661549
Sep 1986,0.9744524
Oct 1986,1.088511
Nov 1986,1.321723
Dec 1986,1.272802
Jan 1987,1.312828
Feb 1987,1.291322
Mar 1987,1.308231
Apr 1987,1.239516
May 1987,1.149481
Jun 1987,1.467015
Jul 1987,1.638674
Aug 1987,1.748565
Sep 1987,1.956354
Oct 1987,1.614114
Nov 1987,1.5493
Dec 1987,1.158452
Jan 1988,0.783626
Feb 1988,0.4829691
Mar 1988,0.155239
Apr 1988,-0.1811756
May 1988,-0.8889615
Jun 1988,-1.179571
Jul 1988,-1.353236
Aug 1988,-1.268678
Sep 1988,-0.8171458
Oct 1988,-1.638378
Nov 1988,-1.950983
Dec 1988,-1.947681
Jan 1989,-1.896731
Feb 1989,-1.393015
Mar 1989,-1.16087
Apr 1989,-0.8052607
May 1989,-0.5009683
Jun 1989,-0.4680014
Jul 1989,-0.363923
Aug 1989,-0.3174935
Sep 1989,-0.135505
Oct 1989,-0.2442848
Nov 1989,-0.08602227
Dec 1989,0.1115275
Jan 1990,0.04130142
Feb 1990,0.1956717
Mar 1990,0.207732
Apr 1990,0.3891034
May 1990,0.4324062
Jun 1990,0.2015401
Jul 1990,0.1990872
Aug 1990,0.3898977
Sep 1990,0.4120895
Oct 1990,0.3837637
Nov 1990,0.4118431
Dec 1990,0.5538644
Jan 1991,0.5850401
Feb 1991,0.3345708
Mar 1991,0.1559538
Apr 1991,0.3873435
May 1991,0.6797844
Jun 1991,0.9995197
Jul 1991,0.9230537
Aug 1991,0.7732849
Sep 1991,0.6803258
Oct 1991,1.104009
Nov 1991,1.354492
Dec 1991,1.803362
Jan 1992,1.78421
Feb 1992,1.800951
Mar 1992,1.553222
Apr 1992,1.596972
May 1992,1.529681
Jun 1992,0.8674004
Jul 1992,0.7287083
Aug 1992,0.2688603
Sep 1992,0.2549473
Oct 1992,0.07061324
Nov 1992,0.2946153
Dec 1992,0.3905052
Jan 1993,0.3976894
Feb 1993,0.5403973
Mar 1993,0.6407496
Apr 1993,1.009554
May 1993,1.144188
Jun 1993,0.9174163
Jul 1993,0.6239171
Aug 1993,0.4011663
Sep 1993,0.6276116
Oct 1993,0.5890414
Nov 1993,0.6060766
Dec 1993,0.3773582
Jan 1994,0.1963725
Feb 1994,-0.1016943
Mar 1994,0.1075206
Apr 1994,0.3303209
May 1994,0.5642313
Jun 1994,0.6328964
Jul 1994,0.3931615
Aug 1994,0.662169
Sep 1994,0.7458946
Oct 1994,1.039246
Nov 1994,1.328797
Dec 1994,1.30101
Jan 1995,1.051067
Feb 1995,0.7178015
Mar 1995,0.4655735
Apr 1995,0.3185008
May 1995,0.2545308
Jun 1995,0.2937575
Jul 1995,0.1137132
Aug 1995,-0.1690313
Sep 1995,-0.2815799
Oct 1995,-0.6944151
Nov 1995,-0.6741223
Dec 1995,-0.8032798
Jan 1996,-0.7101253
Feb 1996,-0.7534359
Mar 1996,-0.4471383
Apr 1996,-0.2662412
May 1996,-0.2108416
Jun 1996,-0.02739602
Jul 1996,-0.002049659
Aug 1996,-0.04749186
Sep 1996,-0.0633622
Oct 1996,-0.2570076
Nov 1996,-0.1266612
Dec 1996,-0.3533734
Jan 1997,-0.325502
Feb 1997,-0.2759746
Mar 1997,-0.007634386
Apr 1997,0.6009197
May 1997,1.136416
Jun 1997,1.461147
Jul 1997,1.667837
Aug 1997,2.078854
Sep 1997,2.348016
Oct 1997,2.434795
Nov 1997,2.644695
Dec 1997,2.586943
Jan 1998,2.581284
Feb 1998,2.213359
Mar 1998,1.648832
Apr 1998,1.150294
May 1998,0.8963093
Jun 1998,-0.2426743
Jul 1998,-0.5639467
Aug 1998,-0.5488017
Sep 1998,-0.4993471
Oct 1998,-0.9868823
Nov 1998,-0.9468658
Dec 1998,-1.412007
Jan 1999,-1.365756
Feb 1999,-1.218454
Mar 1999,-0.8662944
Apr 1999,-0.8333511
May 1999,-0.609074
Jun 1999,-0.674641
Jul 1999,-0.6986045
Aug 1999,-0.8447378
Sep 1999,-0.6865779
Oct 1999,-0.8780248
Nov 1999,-1.099647
Dec 1999,-1.4071
Jan 2000,-1.668904
Feb 2000,-1.476903
Mar 2000,-1.029958
Apr 2000,-0.5173781
May 2000,-0.4016142
Jun 2000,-0.2982034
Jul 2000,-0.2955247
Aug 2000,-0.3032986
Sep 2000,-0.230103
Oct 2000,-0.5203633
Nov 2000,-0.7015379
Dec 2000,-0.7118881
Jan 2001,-0.7478003
Feb 2001,-0.6593415
Mar 2001,-0.2633705
Apr 2001,-0.06437203
May 2001,-0.02981335
Jun 2001,0.2551593
Jul 2001,0.2740463
Aug 2001,0.1467442
Sep 2001,0.1194612
Oct 2001,0.05802204
Nov 2001,-0.08957847
Dec 2001,-0.2409468
Jan 2002,-0.03342746
Feb 2002,0.0669776
Mar 2002,0.05823279
Apr 2002,0.3201902
May 2002,0.5684664
Jun 2002,0.9565742
Jul 2002,0.8057413
Aug 2002,0.9022367
Sep 2002,1.132407
Oct 2002,1.26983
Nov 2002,1.561703
Dec 2002,1.575059
Jan 2003,1.213334
Feb 2003,0.7875871
Mar 2003,0.6349737
Apr 2003,0.2537869
May 2003,-0.1174592
Jun 2003,0.2326482
Jul 2003,0.4445817
Aug 2003,0.3447799
Sep 2003,0.4651751
Oct 2003,0.4998313
Nov 2003,0.5799719
Dec 2003,0.4079536
Jan 2004,0.3663312
Feb 2004,0.2073028
Mar 2004,0.03876759
Apr 2004,0.2771099
May 2004,0.4686549
Jun 2004,0.6105196
Jul 2004,0.5864179
Aug 2004,0.7109511
Sep 2004,0.868013
Oct 2004,0.7313836
Nov 2004,0.9044933
Dec 2004,0.9161932
Jan 2005,0.6211734
Feb 2005,0.2692571
Mar 2005,0.3943818
Apr 2005,0.533868
May 2005,0.6905206
Jun 2005,0.678191
Jul 2005,0.3739751
Aug 2005,0.1907407
Sep 2005,0.1882612
Oct 2005,0.006795724
Nov 2005,-0.211014
Dec 2005,-0.5547801
Jan 2006,-0.7708364
Feb 2006,-0.6327502
Mar 2006,-0.6032303
Apr 2006,-0.1295382
May 2006,0.2054892
Jun 2006,0.3475095
Jul 2006,0.2679942
Aug 2006,0.4874672
Sep 2006,0.9395713
Oct 2006,0.9457206
Nov 2006,1.289937
Dec 2006,1.34383
Jan 2007,0.8025302
Feb 2007,0.3193446
Mar 2007,0.07269326
Apr 2007,0.2121671
May 2007,0.01242287
Jun 2007,0.136528
Jul 2007,-0.21475
Aug 2007,-0.3861478
Sep 2007,-0.5934544
Oct 2007,-1.155354
Nov 2007,-1.247211
Dec 2007,-1.309558
Jan 2008,-1.648802
Feb 2008,-1.827046
Mar 2008,-1.185585
Apr 2008,-0.8178356
May 2008,-0.3704536
Jun 2008,-0.1917973
Jul 2008,0.08090317
Aug 2008,0.1927304
Sep 2008,0.1547251
Oct 2008,-0.2253359
Nov 2008,-0.2762638
Dec 2008,-0.7024158
Jan 2009,-0.9016197
Feb 2009,-0.781686
Mar 2009,-0.5593705
Apr 2009,-0.2334105
May 2009,0.4406189
Jun 2009,0.7626591
Jul 2009,0.8245909
Aug 2009,0.8018001
Sep 2009,0.9449329
Oct 2009,1.09579
Nov 2009,1.629656
Dec 2009,1.828414
Jan 2010,1.595162
Feb 2010,1.262854
Mar 2010,1.003959
Apr 2010,0.7099096
May 2010,0.1083375
Jun 2010,-0.4148845
Jul 2010,-0.9050353
Aug 2010,-1.022174
Sep 2010,-1.121764
Oct 2010,-1.387339
Nov 2010,-1.348907
Dec 2010,-1.44551
Jan 2011,-1.567864
Feb 2011,-1.322184
Mar 2011,-1.080537
Apr 2011,-0.686904
May 2011,-0.3553548
Jun 2011,-0.1853488
Jul 2011,-0.1977274
Aug 2011,-0.487421
Sep 2011,-0.4378118
Oct 2011,-0.8083819
Nov 2011,-0.8301516
Dec 2011,-0.9233272
Jan 2012,-0.9611461
Feb 2012,-0.6556787
Mar 2012,-0.472219
Apr 2012,-0.152123
May 2012,0.0901041
Jun 2012,0.3512252
Jul 2012,0.5256199
Aug 2012,0.8554796
Sep 2012,0.7753686
Oct 2012,0.4297625
Nov 2012,0.4782746
Dec 2012,0.02106343
Jan 2013,-0.3103693
Feb 2013,-0.3380254
Mar 2013,-0.06762193
Apr 2013,0.1521455
May 2013,-0.03993706
Jun 2013,-0.07104792
Jul 2013,-0.2589698
Aug 2013,-0.178479
Sep 2013,0.2080522
Oct 2013,-0.1095288
Nov 2013,0.250837
Dec 2013,0.1741632
Jan 2014,-0.3362259
Feb 2014,-0.4228735
Mar 2014,-0.01754558
Apr 2014,0.448495
May 2014,0.7640969
Jun 2014,0.6682625
Jul 2014,0.3419151
Aug 2014,0.2527915
Sep 2014,0.5224998
Oct 2014,0.5383721
Nov 2014,1.041391
Dec 2014,0.9952981
Jan 2015,0.6571826
Feb 2015,0.5912501
Mar 2015,0.6232916
Apr 2015,0.9541431
May 2015,1.293776
Jun 2015,1.532227
Jul 2015,1.809109
Aug 2015,2.187234
Sep 2015,2.366779
Oct 2015,2.441691
Nov 2015,2.857184
Dec 2015,2.687106
Jan 2016,2.509608
Feb 2016,2.165379
Mar 2016,1.711209
Apr 2016,1.384699
May 2016,0.7982632
Jun 2016,0.3227993
Jul 2016,-0.10584
Aug 2016,-0.2422172
Sep 2016,-0.1302812
Oct 2016,-0.5396779
Nov 2016,-0.2983628
Dec 2016,-0.2310827
Jan 2017,-0.2430275
Feb 2017,0.1086763
Mar 2017,0.07341979
Apr 2017,0.4254586
May 2017,0.6890637
Jun 2017,0.6566231
Jul 2017,0.4612643
Aug 2017,0.06360498
Sep 2017,-0.1630593
Oct 2017,-0.2430649
Nov 2017,-0.4970165
Dec 2017,-0.549198
Jan 2018,-0.6576737
Feb 2018,-0.8631814
Mar 2018,-0.7550387
Apr 2018,-0.2220533
May 2018,0.1014698
Jun 2018,0.2926604
Jul 2018,0.4436914
Aug 2018,0.3802604
Sep 2018,0.5710996